experiment,model,time_ms,a_audio,b_visual,R2
Exp2,attenuation,-99.61,0.49985,0.34971,0.21287
Exp2,attenuation,-97.66,0.45173,0.39442,0.20688
Exp2,attenuation,-95.70,0.41562,0.43977,0.20976
Exp2,attenuation,-93.75,0.39109,0.47438,0.21746
Exp2,attenuation,-91.80,0.36650,0.47500,0.21562
Exp2,attenuation,-89.84,0.33687,0.44117,0.20081
Exp2,attenuation,-87.89,0.30604,0.40462,0.18716
Exp2,attenuation,-85.94,0.29023,0.38742,0.19025
Exp2,attenuation,-83.98,0.31030,0.37671,0.21235
Exp2,attenuation,-82.03,0.36974,0.34272,0.24252
Exp2,attenuation,-80.08,0.44081,0.28257,0.26796
Exp2,attenuation,-78.12,0.48861,0.22404,0.28253
Exp2,attenuation,-76.17,0.50776,0.18282,0.28948
Exp2,attenuation,-74.22,0.51056,0.15972,0.29765
Exp2,attenuation,-72.27,0.50540,0.15479,0.30834
Exp2,attenuation,-70.31,0.49550,0.16892,0.31265
Exp2,attenuation,-68.36,0.48454,0.20064,0.30537
Exp2,attenuation,-66.41,0.47521,0.24127,0.29221
Exp2,attenuation,-64.45,0.46632,0.27389,0.27837
Exp2,attenuation,-62.50,0.45746,0.28179,0.26296
Exp2,attenuation,-60.55,0.45431,0.26201,0.24730
Exp2,attenuation,-58.59,0.46641,0.22733,0.23844
Exp2,attenuation,-56.64,0.50079,0.19209,0.24273
Exp2,attenuation,-54.69,0.55660,0.16286,0.26061
Exp2,attenuation,-52.73,0.62185,0.14289,0.28582
Exp2,attenuation,-50.78,0.67327,0.13821,0.30664
Exp2,attenuation,-48.83,0.68563,0.15344,0.31083
Exp2,attenuation,-46.88,0.64935,0.18180,0.29313
Exp2,attenuation,-44.92,0.57593,0.20795,0.25769
Exp2,attenuation,-42.97,0.48577,0.22240,0.21444
Exp2,attenuation,-41.02,0.39702,0.22779,0.17526
Exp2,attenuation,-39.06,0.32139,0.23365,0.15026
Exp2,attenuation,-37.11,0.26415,0.24779,0.14554
Exp2,attenuation,-35.16,0.22678,0.27178,0.16394
Exp2,attenuation,-33.20,0.21144,0.30049,0.20542
Exp2,attenuation,-31.25,0.22201,0.32397,0.26485
Exp2,attenuation,-29.30,0.25869,0.33340,0.33261
Exp2,attenuation,-27.34,0.31264,0.32881,0.39948
Exp2,attenuation,-25.39,0.37068,0.31807,0.45815
Exp2,attenuation,-23.44,0.42383,0.30855,0.50157
Exp2,attenuation,-21.48,0.46829,0.30298,0.52353
Exp2,attenuation,-19.53,0.50239,0.29974,0.52061
Exp2,attenuation,-17.58,0.52500,0.29488,0.49442
Exp2,attenuation,-15.62,0.53527,0.28493,0.45227
Exp2,attenuation,-13.67,0.53418,0.26819,0.40438
Exp2,attenuation,-11.72,0.52540,0.24531,0.35942
Exp2,attenuation,-9.77,0.51360,0.21875,0.32136
Exp2,attenuation,-7.81,0.50155,0.19216,0.28948
Exp2,attenuation,-5.86,0.48832,0.16960,0.26073
Exp2,attenuation,-3.91,0.46932,0.15420,0.23236
Exp2,attenuation,-1.95,0.43900,0.14744,0.20371
Exp2,attenuation,0.00,0.39566,0.14913,0.17620
Exp2,attenuation,1.95,0.34445,0.15671,0.15222
Exp2,attenuation,3.91,0.29532,0.16565,0.13363
Exp2,attenuation,5.86,0.25792,0.17020,0.12036
Exp2,attenuation,7.81,0.23841,0.16419,0.11065
Exp2,attenuation,9.77,0.23899,0.14462,0.10326
Exp2,attenuation,11.72,0.25910,0.11479,0.09983
Exp2,attenuation,13.67,0.29751,0.08155,0.10398
Exp2,attenuation,15.62,0.35196,0.05014,0.11758
Exp2,attenuation,17.58,0.41576,0.02346,0.13905
Exp2,attenuation,19.53,0.47842,0.00448,0.16479
Exp2,attenuation,21.48,0.53214,-0.00438,0.19184
Exp2,attenuation,23.44,0.57462,-0.00345,0.21944
Exp2,attenuation,25.39,0.60467,0.00488,0.24660
Exp2,attenuation,27.34,0.61956,0.01867,0.26922
Exp2,attenuation,29.30,0.61681,0.03739,0.28143
Exp2,attenuation,31.25,0.59669,0.06133,0.28120
Exp2,attenuation,33.20,0.56272,0.09064,0.27364
Exp2,attenuation,35.16,0.51966,0.12396,0.26620
Exp2,attenuation,37.11,0.47042,0.15798,0.26087
Exp2,attenuation,39.06,0.41523,0.18931,0.25333
Exp2,attenuation,41.02,0.35429,0.21641,0.23882
Exp2,attenuation,42.97,0.28987,0.24017,0.21719
Exp2,attenuation,44.92,0.22607,0.26242,0.19289
Exp2,attenuation,46.88,0.16773,0.28359,0.17091
Exp2,attenuation,48.83,0.11923,0.30217,0.15353
Exp2,attenuation,50.78,0.08342,0.31685,0.14112
Exp2,attenuation,52.73,0.06134,0.32838,0.13422
Exp2,attenuation,54.69,0.05235,0.33680,0.13307
Exp2,attenuation,56.64,0.05422,0.33727,0.13554
Exp2,attenuation,58.59,0.06294,0.32541,0.13816
Exp2,attenuation,60.55,0.07314,0.30541,0.13910
Exp2,attenuation,62.50,0.08170,0.28576,0.13866
Exp2,attenuation,64.45,0.08996,0.27191,0.13831
Exp2,attenuation,66.41,0.10144,0.26576,0.14000
Exp2,attenuation,68.36,0.11829,0.26787,0.14566
Exp2,attenuation,70.31,0.14008,0.27884,0.15712
Exp2,attenuation,72.27,0.16573,0.29881,0.17611
Exp2,attenuation,74.22,0.19433,0.32643,0.20387
Exp2,attenuation,76.17,0.22348,0.35742,0.23930
Exp2,attenuation,78.12,0.24918,0.38574,0.27766
Exp2,attenuation,80.08,0.26801,0.40834,0.31259
Exp2,attenuation,82.03,0.27858,0.42731,0.33932
Exp2,attenuation,83.98,0.28156,0.44586,0.35633
Exp2,attenuation,85.94,0.28019,0.46315,0.36466
Exp2,attenuation,87.89,0.28009,0.47434,0.36663
Exp2,attenuation,89.84,0.28669,0.47553,0.36478
Exp2,attenuation,91.80,0.30229,0.46719,0.36124
Exp2,attenuation,93.75,0.32654,0.45278,0.35784
Exp2,attenuation,95.70,0.35852,0.43540,0.35594
Exp2,attenuation,97.66,0.39669,0.41601,0.35564
Exp2,attenuation,99.61,0.43736,0.39371,0.35515
Exp2,attenuation,101.56,0.47507,0.36644,0.35164
Exp2,attenuation,103.52,0.50492,0.33214,0.34323
Exp2,attenuation,105.47,0.52480,0.29011,0.33049
Exp2,attenuation,107.42,0.53635,0.24174,0.31677
Exp2,attenuation,109.38,0.54371,0.19068,0.30686
Exp2,attenuation,111.33,0.55073,0.14285,0.30335
Exp2,attenuation,113.28,0.55789,0.10564,0.30376
Exp2,attenuation,115.23,0.56157,0.08567,0.30241
Exp2,attenuation,117.19,0.55624,0.08533,0.29524
Exp2,attenuation,119.14,0.53777,0.10119,0.28196
Exp2,attenuation,121.09,0.50575,0.12582,0.26471
Exp2,attenuation,123.05,0.46413,0.15153,0.24644
Exp2,attenuation,125.00,0.41997,0.17343,0.23080
Exp2,attenuation,126.95,0.38068,0.19120,0.22200
Exp2,attenuation,128.91,0.35149,0.20840,0.22384
Exp2,attenuation,130.86,0.33441,0.22837,0.23727
Exp2,attenuation,132.81,0.32802,0.25136,0.25852
Exp2,attenuation,134.77,0.32876,0.27561,0.28033
Exp2,attenuation,136.72,0.33229,0.30012,0.29521
Exp2,attenuation,138.67,0.33502,0.32527,0.29849
Exp2,attenuation,140.62,0.33486,0.35162,0.28880
Exp2,attenuation,142.58,0.33051,0.37870,0.26666
Exp2,attenuation,144.53,0.32085,0.40471,0.23314
Exp2,attenuation,146.48,0.30579,0.42714,0.19031
Exp2,attenuation,148.44,0.28686,0.44377,0.14234
Exp2,attenuation,150.39,0.26664,0.45313,0.09511
Exp2,attenuation,152.34,0.24855,0.45407,0.05367
Exp2,attenuation,154.30,0.23633,0.44591,0.01965
Exp2,attenuation,156.25,0.23247,0.42934,-0.00921
Exp2,attenuation,158.20,0.23661,0.40687,-0.03675
Exp2,attenuation,160.16,0.24567,0.38223,-0.06524
Exp2,attenuation,162.11,0.25496,0.35916,-0.09462
Exp2,attenuation,164.06,0.25978,0.33990,-0.12496
Exp2,attenuation,166.02,0.25686,0.32470,-0.15794
Exp2,attenuation,167.97,0.24578,0.31247,-0.19408
Exp2,attenuation,169.92,0.22997,0.30190,-0.22954
Exp2,attenuation,171.88,0.21629,0.29223,-0.25725
Exp2,attenuation,173.83,0.21248,0.28363,-0.27128
Exp2,attenuation,175.78,0.22309,0.27701,-0.26950
Exp2,attenuation,177.73,0.24775,0.27327,-0.25284
Exp2,attenuation,179.69,0.28270,0.27295,-0.22337
Exp2,attenuation,181.64,0.32386,0.27619,-0.18272
Exp2,attenuation,183.59,0.36847,0.28259,-0.13210
Exp2,attenuation,185.55,0.41581,0.29081,-0.07298
Exp2,attenuation,187.50,0.46572,0.29871,-0.00735
Exp2,attenuation,189.45,0.51610,0.30411,0.06083
Exp2,attenuation,191.41,0.56249,0.30560,0.12435
Exp2,attenuation,193.36,0.60012,0.30296,0.17545
Exp2,attenuation,195.31,0.62548,0.29688,0.21003
Exp2,attenuation,197.27,0.63708,0.28839,0.22902
Exp2,attenuation,199.22,0.63591,0.27865,0.23674
Exp2,attenuation,201.17,0.62494,0.26892,0.23848
Exp2,attenuation,203.12,0.60732,0.26050,0.23882
Exp2,attenuation,205.08,0.58540,0.25389,0.24041
Exp2,attenuation,207.03,0.56079,0.24811,0.24319
Exp2,attenuation,208.98,0.53445,0.24093,0.24425
Exp2,attenuation,210.94,0.50710,0.23000,0.23939
Exp2,attenuation,212.89,0.47964,0.21423,0.22619
Exp2,attenuation,214.84,0.45301,0.19469,0.20662
Exp2,attenuation,216.80,0.42774,0.17444,0.18588
Exp2,attenuation,218.75,0.40372,0.15705,0.16850
Exp2,attenuation,220.70,0.38098,0.14516,0.15657
Exp2,attenuation,222.66,0.36015,0.13962,0.15050
Exp2,attenuation,224.61,0.34198,0.13943,0.14983
Exp2,attenuation,226.56,0.32679,0.14264,0.15377
Exp2,attenuation,228.52,0.31503,0.14750,0.16183
Exp2,attenuation,230.47,0.30718,0.15284,0.17377
Exp2,attenuation,232.42,0.30280,0.15810,0.18884
Exp2,attenuation,234.38,0.30030,0.16310,0.20540
Exp2,attenuation,236.33,0.29760,0.16778,0.22141
Exp2,attenuation,238.28,0.29312,0.17184,0.23535
Exp2,attenuation,240.23,0.28642,0.17480,0.24654
Exp2,attenuation,242.19,0.27755,0.17651,0.25468
Exp2,attenuation,244.14,0.26657,0.17747,0.25956
Exp2,attenuation,246.09,0.25397,0.17895,0.26155
Exp2,attenuation,248.05,0.24078,0.18261,0.26187
Exp2,attenuation,250.00,0.22788,0.18987,0.26207
Exp2,attenuation,251.95,0.21565,0.20120,0.26347
Exp2,attenuation,253.91,0.20407,0.21607,0.26695
Exp2,attenuation,255.86,0.19319,0.23334,0.27277
Exp2,attenuation,257.81,0.18370,0.25179,0.28061
Exp2,attenuation,259.77,0.17683,0.27040,0.28974
Exp2,attenuation,261.72,0.17330,0.28827,0.29916
Exp2,attenuation,263.67,0.17270,0.30424,0.30738
Exp2,attenuation,265.62,0.17391,0.31699,0.31258
Exp2,attenuation,267.58,0.17605,0.32531,0.31325
Exp2,attenuation,269.53,0.17882,0.32862,0.30882
Exp2,attenuation,271.48,0.18227,0.32728,0.29971
Exp2,attenuation,273.44,0.18690,0.32254,0.28724
Exp2,attenuation,275.39,0.19359,0.31610,0.27341
Exp2,attenuation,277.34,0.20283,0.30930,0.25996
Exp2,attenuation,279.30,0.21382,0.30283,0.24756
Exp2,attenuation,281.25,0.22437,0.29669,0.23534
Exp2,attenuation,283.20,0.23200,0.29039,0.22128
Exp2,attenuation,285.16,0.23515,0.28335,0.20332
Exp2,attenuation,287.11,0.23363,0.27582,0.18078
Exp2,attenuation,289.06,0.22798,0.26917,0.15445
Exp2,attenuation,291.02,0.21892,0.26496,0.12585
Exp2,attenuation,292.97,0.20733,0.26396,0.09683
Exp2,attenuation,294.92,0.19470,0.26602,0.06961
Exp2,attenuation,296.88,0.18300,0.27000,0.04613
Exp2,attenuation,298.83,0.17414,0.27432,0.02779
Exp2,attenuation,300.78,0.16919,0.27762,0.01551
Exp2,attenuation,302.73,0.16774,0.27920,0.00949
Exp2,attenuation,304.69,0.16805,0.27890,0.00826
Exp2,attenuation,306.64,0.16830,0.27686,0.00906
Exp2,attenuation,308.59,0.16760,0.27308,0.00933
Exp2,attenuation,310.55,0.16595,0.26755,0.00762
Exp2,attenuation,312.50,0.16430,0.26045,0.00349
Exp2,attenuation,314.45,0.16452,0.25197,-0.00300
Exp2,attenuation,316.41,0.16878,0.24134,-0.01207
Exp2,attenuation,318.36,0.17873,0.22748,-0.02413
Exp2,attenuation,320.31,0.19544,0.21091,-0.03882
Exp2,attenuation,322.27,0.21942,0.19375,-0.05493
Exp2,attenuation,324.22,0.25003,0.17793,-0.07151
Exp2,attenuation,326.17,0.28507,0.16464,-0.08858
Exp2,attenuation,328.12,0.32166,0.15556,-0.10617
Exp2,attenuation,330.08,0.35772,0.15330,-0.12268
Exp2,attenuation,332.03,0.39272,0.16002,-0.13445
Exp2,attenuation,333.98,0.42691,0.17574,-0.13783
Exp2,attenuation,335.94,0.45973,0.19750,-0.13261
Exp2,attenuation,337.89,0.48934,0.21997,-0.12306
Exp2,attenuation,339.84,0.51328,0.23777,-0.11564
Exp2,attenuation,341.80,0.52897,0.24780,-0.11561
Exp2,attenuation,343.75,0.53432,0.24970,-0.12493
Exp2,attenuation,345.70,0.52869,0.24512,-0.14235
Exp2,attenuation,347.66,0.51258,0.23677,-0.16479
Exp2,attenuation,349.61,0.48615,0.22817,-0.18858
Exp2,attenuation,351.56,0.44908,0.22321,-0.20927
Exp2,attenuation,353.52,0.40302,0.22485,-0.22095
Exp2,attenuation,355.47,0.35260,0.23358,-0.21821
Exp2,attenuation,357.42,0.30349,0.24734,-0.20091
Exp2,attenuation,359.38,0.26003,0.26291,-0.17519
Exp2,attenuation,361.33,0.22473,0.27763,-0.14984
Exp2,attenuation,363.28,0.19871,0.28971,-0.13262
Exp2,attenuation,365.23,0.18195,0.29792,-0.12879
Exp2,attenuation,367.19,0.17364,0.30161,-0.14031
Exp2,attenuation,369.14,0.17217,0.30169,-0.16513
Exp2,attenuation,371.09,0.17609,0.30097,-0.19641
Exp2,attenuation,373.05,0.18559,0.30257,-0.22333
Exp2,attenuation,375.00,0.20173,0.30805,-0.23487
Exp2,attenuation,376.95,0.22428,0.31649,-0.22581
Exp2,attenuation,378.91,0.25121,0.32524,-0.19876
Exp2,attenuation,380.86,0.28003,0.33133,-0.16102
Exp2,attenuation,382.81,0.30871,0.33200,-0.12113
Exp2,attenuation,384.77,0.33557,0.32477,-0.08692
Exp2,attenuation,386.72,0.35824,0.30816,-0.06415
Exp2,attenuation,388.67,0.37317,0.28303,-0.05521
Exp2,attenuation,390.62,0.37665,0.25328,-0.05835
Exp2,attenuation,392.58,0.36716,0.22447,-0.06803
Exp2,attenuation,394.53,0.34661,0.20144,-0.07744
Exp2,attenuation,396.48,0.31950,0.18602,-0.08214
Exp2,attenuation,398.44,0.29048,0.17675,-0.08211
Exp2,attenuation,400.39,0.26266,0.17048,-0.08014
Exp2,attenuation,402.34,0.23793,0.16423,-0.07901
Exp2,attenuation,404.30,0.21795,0.15624,-0.08014
Exp2,attenuation,406.25,0.20413,0.14631,-0.08372
Exp2,attenuation,408.20,0.19711,0.13578,-0.08904
Exp2,attenuation,410.16,0.19696,0.12674,-0.09466
Exp2,attenuation,412.11,0.20453,0.12085,-0.09826
Exp2,attenuation,414.06,0.22213,0.11841,-0.09618
Exp2,attenuation,416.02,0.25191,0.11833,-0.08389
Exp2,attenuation,417.97,0.29374,0.11928,-0.05765
Exp2,attenuation,419.92,0.34474,0.12086,-0.01655
Exp2,attenuation,421.88,0.40026,0.12358,0.03625
Exp2,attenuation,423.83,0.45491,0.12815,0.09389
Exp2,attenuation,425.78,0.50344,0.13509,0.14799
Exp2,attenuation,427.73,0.54188,0.14442,0.19189
Exp2,attenuation,429.69,0.56880,0.15517,0.22278
Exp2,attenuation,431.64,0.58525,0.16502,0.24081
Exp2,attenuation,433.59,0.59295,0.17076,0.24668
Exp2,attenuation,435.55,0.59299,0.17030,0.24083
Exp2,attenuation,437.50,0.58529,0.16534,0.22504
Exp2,attenuation,439.45,0.56923,0.16131,0.20380
Exp2,attenuation,441.41,0.54538,0.16377,0.18320
Exp2,attenuation,443.36,0.51667,0.17451,0.16784
Exp2,attenuation,445.31,0.48681,0.19121,0.15901
Exp2,attenuation,447.27,0.45833,0.20974,0.15522
Exp2,attenuation,449.22,0.43236,0.22647,0.15382
Exp2,attenuation,451.17,0.40967,0.23942,0.15182
Exp2,attenuation,453.12,0.39092,0.24814,0.14657
Exp2,attenuation,455.08,0.37552,0.25354,0.13629
Exp2,attenuation,457.03,0.36146,0.25749,0.12062
Exp2,attenuation,458.98,0.34706,0.26184,0.10053
Exp2,attenuation,460.94,0.33239,0.26770,0.07844
Exp2,attenuation,462.89,0.31899,0.27600,0.05877
Exp2,attenuation,464.84,0.30871,0.28747,0.04690
Exp2,attenuation,466.80,0.30236,0.30129,0.04568
Exp2,attenuation,468.75,0.29865,0.31433,0.05206
Exp2,attenuation,470.70,0.29512,0.32306,0.05845
Exp2,attenuation,472.66,0.29050,0.32620,0.05894
Exp2,attenuation,474.61,0.28539,0.32513,0.05338
Exp2,attenuation,476.56,0.28000,0.32223,0.04504
Exp2,attenuation,478.52,0.27196,0.31959,0.03641
Exp2,attenuation,480.47,0.25774,0.32039,0.02961
Exp2,attenuation,482.42,0.23671,0.32914,0.02875
Exp2,attenuation,484.38,0.21366,0.34811,0.03786
Exp2,attenuation,486.33,0.19638,0.37300,0.05482
Exp2,attenuation,488.28,0.18977,0.39231,0.06909
Exp2,attenuation,490.23,0.19251,0.39481,0.06790
Exp2,attenuation,492.19,0.19947,0.38095,0.04639
Exp2,attenuation,494.14,0.20694,0.36084,0.01042
Exp2,attenuation,496.09,0.21237,0.34168,-0.03194
Exp2,attenuation,498.05,0.21103,0.32373,-0.07902
